[
  { "name": "+1   United States", "countryCode": "+1", "code": "US" },
  { "name": "+1   Canada", "countryCode": "+1", "code": "CA" },
  { "name": "+7   Russia", "countryCode": "+7", "code": "RU" },
  { "name": "+20  Egypt", "countryCode": "+20", "code": "EG" },
  { "name": "+27  South Africa", "countryCode": "+27", "code": "ZA" },
  { "name": "+30  Greece", "countryCode": "+30", "code": "GR" },
  { "name": "+31  Netherlands", "countryCode": "+31", "code": "NL" },
  { "name": "+32  Belgium", "countryCode": "+32", "code": "BE" },
  { "name": "+33  France", "countryCode": "+33", "code": "FR" },
  { "name": "+34  Spain", "countryCode": "+34", "code": "ES" },
  { "name": "+36  Hungary", "countryCode": "+36", "code": "HU" },
  { "name": "+39  Italy", "countryCode": "+39", "code": "IT" },
  { "name": "+40  Romania", "countryCode": "+40", "code": "RO" },
  { "name": "+41  Switzerland", "countryCode": "+41", "code": "CH" },
  { "name": "+43  Austria", "countryCode": "+43", "code": "AT" },
  { "name": "+44  United Kingdom", "countryCode": "+44", "code": "GB" },
  { "name": "+45  Denmark", "countryCode": "+45", "code": "DK" },
  { "name": "+46  Sweden", "countryCode": "+46", "code": "SE" },
  { "name": "+47  Norway", "countryCode": "+47", "code": "NO" },
  { "name": "+48  Poland", "countryCode": "+48", "code": "PL" },
  { "name": "+49  Germany", "countryCode": "+49", "code": "DE" },
  { "name": "+51  Peru", "countryCode": "+51", "code": "PE" },
  { "name": "+52  Mexico", "countryCode": "+52", "code": "MX" },
  { "name": "+53  Cuba", "countryCode": "+53", "code": "CU" },
  { "name": "+54  Argentina", "countryCode": "+54", "code": "AR" },
  { "name": "+55  Brazil", "countryCode": "+55", "code": "BR" },
  { "name": "+56  Chile", "countryCode": "+56", "code": "CL" },
  { "name": "+57  Colombia", "countryCode": "+57", "code": "CO" },
  { "name": "+58  Venezuela", "countryCode": "+58", "code": "VE" },
  { "name": "+60  Malaysia", "countryCode": "+60", "code": "MY" },
  { "name": "+61  Australia", "countryCode": "+61", "code": "AU" },
  { "name": "+62  Indonesia", "countryCode": "+62", "code": "ID" },
  { "name": "+63  Philippines", "countryCode": "+63", "code": "PH" },
  { "name": "+64  New Zealand", "countryCode": "+64", "code": "NZ" },
  { "name": "+65  Singapore", "countryCode": "+65", "code": "SG" },
  { "name": "+66  Thailand", "countryCode": "+66", "code": "TH" },
  { "name": "+81  Japan", "countryCode": "+81", "code": "JP" },
  { "name": "+82  South Korea", "countryCode": "+82", "code": "KR" },
  { "name": "+84  Vietnam", "countryCode": "+84", "code": "VN" },
  { "name": "+86  China", "countryCode": "+86", "code": "CN" },
  { "name": "+90  Turkey", "countryCode": "+90", "code": "TR" },
  { "name": "+91  India", "countryCode": "+91", "code": "IN" },
  { "name": "+92  Pakistan", "countryCode": "+92", "code": "PK" },
  { "name": "+93  Afghanistan", "countryCode": "+93", "code": "AF" },
  { "name": "+94  Sri Lanka", "countryCode": "+94", "code": "LK" },
  { "name": "+95  Myanmar", "countryCode": "+95", "code": "MM" },
  { "name": "+98  Iran", "countryCode": "+98", "code": "IR" },
  { "name": "+212 Morocco", "countryCode": "+212", "code": "MA" },
  { "name": "+213 Algeria", "countryCode": "+213", "code": "DZ" },
  { "name": "+216 Tunisia", "countryCode": "+216", "code": "TN" },
  { "name": "+218 Libya", "countryCode": "+218", "code": "LY" },
  { "name": "+220 Gambia", "countryCode": "+220", "code": "GM" },
  { "name": "+221 Senegal", "countryCode": "+221", "code": "SN" },
  { "name": "+222 Mauritania", "countryCode": "+222", "code": "MR" },
  { "name": "+223 Mali", "countryCode": "+223", "code": "ML" },
  { "name": "+224 Guinea", "countryCode": "+224", "code": "GN" },
  { "name": "+225 Ivory Coast", "countryCode": "+225", "code": "CI" },
  { "name": "+226 Burkina Faso", "countryCode": "+226", "code": "BF" },
  { "name": "+227 Niger", "countryCode": "+227", "code": "NE" },
  { "name": "+228 Togo", "countryCode": "+228", "code": "TG" },
  { "name": "+229 Benin", "countryCode": "+229", "code": "BJ" },
  { "name": "+230 Mauritius", "countryCode": "+230", "code": "MU" },
  { "name": "+231 Liberia", "countryCode": "+231", "code": "LR" },
  { "name": "+232 Sierra Leone", "countryCode": "+232", "code": "SL" },
  { "name": "+233 Ghana", "countryCode": "+233", "code": "GH" },
  { "name": "+234 Nigeria", "countryCode": "+234", "code": "NG" },
  { "name": "+235 Chad", "countryCode": "+235", "code": "TD" },
  {
    "name": "+236 Central African Republic",
    "countryCode": "+236",
    "code": "CF"
  },
  { "name": "+237 Cameroon", "countryCode": "+237", "code": "CM" },
  { "name": "+238 Cape Verde", "countryCode": "+238", "code": "CV" },
  {
    "name": "+239 Sao Tome and Principe",
    "countryCode": "+239",
    "code": "ST"
  },
  {
    "name": "+240 Equatorial Guinea",
    "countryCode": "+240",
    "code": "GQ"
  },
  { "name": "+241 Gabon", "countryCode": "+241", "code": "GA" },
  {
    "name": "+242 Republic of the Congo",
    "countryCode": "+242",
    "code": "CG"
  },
  {
    "name": "+243 Democratic Republic of the Congo",
    "countryCode": "+243",
    "code": "CD"
  },
  { "name": "+244 Angola", "countryCode": "+244", "code": "AO" },
  { "name": "+245 Guinea-Bissau", "countryCode": "+245", "code": "GW" },
  {
    "name": "+246 British Indian Ocean Territory",
    "countryCode": "+246",
    "code": "IO"
  },
  { "name": "+248 Seychelles", "countryCode": "+248", "code": "SC" },
  { "name": "+249 Sudan", "countryCode": "+249", "code": "SD" },
  { "name": "+250 Rwanda", "countryCode": "+250", "code": "RW" },
  { "name": "+251 Ethiopia", "countryCode": "+251", "code": "ET" },
  { "name": "+252 Somalia", "countryCode": "+252", "code": "SO" },
  { "name": "+253 Djibouti", "countryCode": "+253", "code": "DJ" },
  { "name": "+254 Kenya", "countryCode": "+254", "code": "KE" },
  { "name": "+255 Tanzania", "countryCode": "+255", "code": "TZ" },
  { "name": "+256 Uganda", "countryCode": "+256", "code": "UG" },
  { "name": "+257 Burundi", "countryCode": "+257", "code": "BI" },
  { "name": "+258 Mozambique", "countryCode": "+258", "code": "MZ" },
  { "name": "+260 Zambia", "countryCode": "+260", "code": "ZM" },
  { "name": "+261 Madagascar", "countryCode": "+261", "code": "MG" },
  { "name": "+262 Reunion", "countryCode": "+262", "code": "RE" },
  { "name": "+263 Zimbabwe", "countryCode": "+263", "code": "ZW" },
  { "name": "+264 Namibia", "countryCode": "+264", "code": "NA" },
  { "name": "+265 Malawi", "countryCode": "+265", "code": "MW" },
  { "name": "+266 Lesotho", "countryCode": "+266", "code": "LS" },
  { "name": "+267 Botswana", "countryCode": "+267", "code": "BW" },
  { "name": "+268 Eswatini", "countryCode": "+268", "code": "SZ" },
  { "name": "+269 Comoros", "countryCode": "+269", "code": "KM" },
  { "name": "+290 Saint Helena", "countryCode": "+290", "code": "SH" },
  { "name": "+291 Eritrea", "countryCode": "+291", "code": "ER" },
  { "name": "+297 Aruba", "countryCode": "+297", "code": "AW" },
  { "name": "+298 Faroe Islands", "countryCode": "+298", "code": "FO" },
  { "name": "+299 Greenland", "countryCode": "+299", "code": "GL" },
  { "name": "+350 Gibraltar", "countryCode": "+350", "code": "GI" },
  { "name": "+351 Portugal", "countryCode": "+351", "code": "PT" },
  { "name": "+352 Luxembourg", "countryCode": "+352", "code": "LU" },
  { "name": "+353 Ireland", "countryCode": "+353", "code": "IE" },
  { "name": "+354 Iceland", "countryCode": "+354", "code": "IS" },
  { "name": "+355 Albania", "countryCode": "+355", "code": "AL" },
  { "name": "+356 Malta", "countryCode": "+356", "code": "MT" },
  { "name": "+357 Cyprus", "countryCode": "+357", "code": "CY" },
  { "name": "+358 Finland", "countryCode": "+358", "code": "FI" },
  { "name": "+359 Bulgaria", "countryCode": "+359", "code": "BG" },
  { "name": "+370 Lithuania", "countryCode": "+370", "code": "LT" },
  { "name": "+371 Latvia", "countryCode": "+371", "code": "LV" },
  { "name": "+372 Estonia", "countryCode": "+372", "code": "EE" },
  { "name": "+373 Moldova", "countryCode": "+373", "code": "MD" },
  { "name": "+374 Armenia", "countryCode": "+374", "code": "AM" },
  { "name": "+375 Belarus", "countryCode": "+375", "code": "BY" },
  { "name": "+376 Andorra", "countryCode": "+376", "code": "AD" },
  { "name": "+377 Monaco", "countryCode": "+377", "code": "MC" },
  { "name": "+378 San Marino", "countryCode": "+378", "code": "SM" },
  { "name": "+380 Ukraine", "countryCode": "+380", "code": "UA" },
  { "name": "+381 Serbia", "countryCode": "+381", "code": "RS" },
  { "name": "+382 Montenegro", "countryCode": "+382", "code": "ME" },
  { "name": "+385 Croatia", "countryCode": "+385", "code": "HR" },
  { "name": "+386 Slovenia", "countryCode": "+386", "code": "SI" },
  {
    "name": "+387 Bosnia and Herzegovina",
    "countryCode": "+387",
    "code": "BA"
  },
  {
    "name": "+389 North Macedonia",
    "countryCode": "+389",
    "code": "MK"
  },
  { "name": "+420 Czech Republic", "countryCode": "+420", "code": "CZ" },
  { "name": "+421 Slovakia", "countryCode": "+421", "code": "SK" },
  { "name": "+423 Liechtenstein", "countryCode": "+423", "code": "LI" },
  {
    "name": "+500 Falkland Islands",
    "countryCode": "+500",
    "code": "FK"
  },
  { "name": "+501 Belize", "countryCode": "+501", "code": "BZ" },
  { "name": "+502 Guatemala", "countryCode": "+502", "code": "GT" },
  { "name": "+503 El Salvador", "countryCode": "+503", "code": "SV" },
  { "name": "+504 Honduras", "countryCode": "+504", "code": "HN" },
  { "name": "+505 Nicaragua", "countryCode": "+505", "code": "NI" },
  { "name": "+506 Costa Rica", "countryCode": "+506", "code": "CR" },
  { "name": "+507 Panama", "countryCode": "+507", "code": "PA" },
  {
    "name": "+508 Saint Pierre and Miquelon",
    "countryCode": "+508",
    "code": "PM"
  },
  { "name": "+509 Haiti", "countryCode": "+509", "code": "HT" },
  { "name": "+590 Guadeloupe", "countryCode": "+590", "code": "GP" },
  { "name": "+591 Bolivia", "countryCode": "+591", "code": "BO" },
  { "name": "+592 Guyana", "countryCode": "+592", "code": "GY" },
  { "name": "+593 Ecuador", "countryCode": "+593", "code": "EC" },
  { "name": "+594 French Guiana", "countryCode": "+594", "code": "GF" },
  { "name": "+595 Paraguay", "countryCode": "+595", "code": "PY" },
  { "name": "+596 Martinique", "countryCode": "+596", "code": "MQ" },
  { "name": "+597 Suriname", "countryCode": "+597", "code": "SR" },
  { "name": "+598 Uruguay", "countryCode": "+598", "code": "UY" },
  { "name": "+599 Curaçao", "countryCode": "+599", "code": "CW" },
  { "name": "+670 Timor-Leste", "countryCode": "+670", "code": "TL" },
  { "name": "+672 Antarctica", "countryCode": "+672", "code": "AQ" },
  { "name": "+673 Brunei", "countryCode": "+673", "code": "BN" },
  { "name": "+674 Nauru", "countryCode": "+674", "code": "NR" },
  {
    "name": "+675 Papua New Guinea",
    "countryCode": "+675",
    "code": "PG"
  },
  { "name": "+676 Tonga", "countryCode": "+676", "code": "TO" },
  {
    "name": "+677 Solomon Islands",
    "countryCode": "+677",
    "code": "SB"
  },
  { "name": "+678 Vanuatu", "countryCode": "+678", "code": "VU" },
  { "name": "+679 Fiji", "countryCode": "+679", "code": "FJ" },
  { "name": "+680 Palau", "countryCode": "+680", "code": "PW" },
  {
    "name": "+681 Wallis and Futuna",
    "countryCode": "+681",
    "code": "WF"
  },
  { "name": "+682 Cook Islands", "countryCode": "+682", "code": "CK" },
  { "name": "+683 Niue", "countryCode": "+683", "code": "NU" },
  { "name": "+685 Samoa", "countryCode": "+685", "code": "WS" },
  { "name": "+686 Kiribati", "countryCode": "+686", "code": "KI" },
  { "name": "+687 New Caledonia", "countryCode": "+687", "code": "NC" },
  { "name": "+688 Tuvalu", "countryCode": "+688", "code": "TV" },
  {
    "name": "+689 French Polynesia",
    "countryCode": "+689",
    "code": "PF"
  },
  { "name": "+690 Tokelau", "countryCode": "+690", "code": "TK" },
  {
    "name": "+691 Federated States of Micronesia",
    "countryCode": "+691",
    "code": "FM"
  },
  {
    "name": "+692 Marshall Islands",
    "countryCode": "+692",
    "code": "MH"
  },
  { "name": "+850 North Korea", "countryCode": "+850", "code": "KP" },
  { "name": "+852 Hong Kong", "countryCode": "+852", "code": "HK" },
  { "name": "+853 Macau", "countryCode": "+853", "code": "MO" },
  { "name": "+855 Cambodia", "countryCode": "+855", "code": "KH" },
  { "name": "+856 Laos", "countryCode": "+856", "code": "LA" },
  { "name": "+880 Bangladesh", "countryCode": "+880", "code": "BD" },
  { "name": "+886 Taiwan", "countryCode": "+886", "code": "TW" },
  { "name": "+960 Maldives", "countryCode": "+960", "code": "MV" },
  { "name": "+961 Lebanon", "countryCode": "+961", "code": "LB" },
  { "name": "+962 Jordan", "countryCode": "+962", "code": "JO" },
  { "name": "+963 Syria", "countryCode": "+963", "code": "SY" },
  { "name": "+964 Iraq", "countryCode": "+964", "code": "IQ" },
  { "name": "+965 Kuwait", "countryCode": "+965", "code": "KW" },
  { "name": "+966 Saudi Arabia", "countryCode": "+966", "code": "SA" },
  { "name": "+967 Yemen", "countryCode": "+967", "code": "YE" },
  { "name": "+968 Oman", "countryCode": "+968", "code": "OM" },
  { "name": "+970 Palestine", "countryCode": "+970", "code": "PS" },
  {
    "name": "+971 United Arab Emirates",
    "countryCode": "+971",
    "code": "AE"
  },
  { "name": "+972 Israel", "countryCode": "+972", "code": "IL" },
  { "name": "+973 Bahrain", "countryCode": "+973", "code": "BH" },
  { "name": "+974 Qatar", "countryCode": "+974", "code": "QA" },
  { "name": "+975 Bhutan", "countryCode": "+975", "code": "BT" },
  { "name": "+976 Mongolia", "countryCode": "+976", "code": "MN" },
  { "name": "+977 Nepal", "countryCode": "+977", "code": "NP" },
  { "name": "+992 Tajikistan", "countryCode": "+992", "code": "TJ" },
  { "name": "+993 Turkmenistan", "countryCode": "+993", "code": "TM" },
  { "name": "+994 Azerbaijan", "countryCode": "+994", "code": "AZ" },
  { "name": "+995 Georgia", "countryCode": "+995", "code": "GE" },
  { "name": "+996 Kyrgyzstan", "countryCode": "+996", "code": "KG" },
  { "name": "+998 Uzbekistan", "countryCode": "+998", "code": "UZ" }
]
